r_mean,g_mean,b_mean,r_std,g_std,b_std,r_pct,g_pct,b_pct,h_mean,s_mean,v_mean,sharpness,edge_strength,fft_energy,entropy,contrast,brightness,label,model
0.37799552,0.41180652,0.41854855,0.30447346,0.23317659,0.21841446,0.31281942,0.34080055,0.34638008,0.3791583,0.38693044,0.48869342,1723.138505870746,17.10237835199748,5784.894582073133,7.476601147020181,62.515218142649886,102.62911605834961,0,pixart
0.31249583,0.29038224,0.2441666,0.17869376,0.17871913,0.16539252,0.36892474,0.342818,0.28825694,0.14301401,0.28424457,0.31727654,2100.108056101646,23.71168983126239,6610.778923585913,7.308030104304127,44.8560428584735,74.39293384552002,0,pixart
0.43365857,0.38970077,0.34669757,0.18182787,0.18719669,0.17893825,0.37063047,0.33306152,0.2963084,0.14191028,0.22568749,0.43564767,2170.547318303237,25.765605255046584,6881.216321807371,7.388442166311989,46.68186140849802,101.47439289093018,0,pixart
0.30622977,0.329067,0.33768314,0.21588945,0.17049067,0.1453593,0.31473392,0.33820537,0.34706077,0.45155668,0.30288666,0.37033796,1467.3164479788331,14.71462885506581,5203.987402918807,7.083332117672663,45.661806969755325,82.41579818725586,0,pixart
0.2623143,0.26059607,0.25042883,0.14879942,0.10135263,0.08564456,0.33919683,0.336975,0.3238278,0.38189366,0.21793479,0.29288137,629.7600142199602,11.575186334100279,3902.8617015043333,6.501982315160352,28.262207554509338,66.29076766967773,0,pixart
0.1956965,0.32753247,0.43913284,0.11184336,0.13528644,0.15401696,0.20335026,0.34034237,0.45630747,0.5963082,0.5728557,0.44084716,1701.4248830589713,19.84623264313094,4452.642769877268,6.708000459586995,30.795431779550402,76.71236419677734,0,pixart
0.45162115,0.42701137,0.4012337,0.23176512,0.1951498,0.18314305,0.3528662,0.33363777,0.31349686,0.28831643,0.26972654,0.49072137,3130.3079074271577,22.75111558110549,7452.769532716722,7.391490388679373,50.782668319597455,110.01533317565918,0,pixart
0.20686239,0.22335725,0.21544401,0.15902242,0.13951299,0.1353772,0.32038724,0.3459344,0.33367842,0.35244843,0.28705665,0.24160698,315.6871688810262,9.910918967064159,3356.061002779827,6.953853732684396,36.44424656627236,55.470354080200195,0,pixart
0.25693077,0.302788,0.3089475,0.14536385,0.14271289,0.12847717,0.29577616,0.34856653,0.3556573,0.4689474,0.24558054,0.3213776,304.64252524034083,10.452118434239582,3626.2462185433938,6.838419267873318,35.70422046531806,73.89528942108154,0,pixart
0.14726254,0.18713307,0.25374013,0.1485021,0.13960694,0.16327468,0.25038865,0.31818002,0.43143117,0.62679315,0.5517844,0.26748142,3420.760748236294,30.076770258507157,6522.681460156486,6.718306813672056,33.9820874633687,46.61442947387695,0,pixart
0.17291167,0.21478926,0.25988305,0.12826483,0.14374197,0.16454077,0.26701057,0.331678,0.40131193,0.59737957,0.383004,0.26714712,1469.7018132528694,19.619878102194424,4863.55099849973,6.610294354459599,34.64579851562678,52.88561153411865,0,pixart
0.29375407,0.28541926,0.2439714,0.14794587,0.13388133,0.10709573,0.35686803,0.34674245,0.2963894,0.19613294,0.17492558,0.30118048,744.5155987772099,14.759675681890847,4491.671063521084,6.844977840054891,34.2179644744051,72.2131462097168,0,pixart
0.3342928,0.37278098,0.36766118,0.13451535,0.13625225,0.14112882,0.31104666,0.34685844,0.3420947,0.42150742,0.13783771,0.3798673,258.61215524697616,9.867245786596898,2938.6418326836406,6.866008992638721,34.46226941974985,91.97587013244629,0,pixart
0.21472266,0.22171843,0.22143772,0.1569274,0.11613516,0.09837639,0.32638636,0.3370202,0.3365935,0.4453591,0.22544447,0.24889481,370.1302682005189,8.530549651143232,3281.055116217969,6.250634291272446,31.756849824352532,55.9963264465332,0,pixart
0.29513547,0.27348197,0.24712344,0.11349866,0.10539148,0.09757243,0.36180055,0.33525598,0.3029436,0.15361036,0.15806338,0.29687676,1619.181027523465,19.911802142827714,5329.7914960883045,6.654451130769152,26.879199171436188,70.6218090057373,0,pixart
0.4846117,0.36335555,0.22587077,0.25301918,0.25709182,0.23261757,0.45128945,0.33837095,0.21033974,0.15027133,0.61922574,0.49478906,3392.330014085732,87.59365817836148,8692.582310204205,7.6974032723063575,61.90861468755214,97.90642166137695,1,sd15
0.4468187,0.14417288,0.07782936,0.24359,0.17706218,0.11258433,0.66806936,0.21556278,0.116368026,0.21051049,0.87209064,0.44684127,3165.755202919012,75.84329621715146,8841.978585647661,7.102228048722301,46.306767148684216,57.90896987915039,1,sd15
0.49007216,0.4099401,0.44858238,0.31621176,0.26071092,0.22172357,0.36339465,0.3039757,0.33262944,0.5511422,0.4485264,0.5791999,2047.1177798265126,66.25946364652546,8076.05011015781,7.8644035123444125,65.65708890024011,111.76640319824219,1,sd15
0.3313868,0.27247453,0.3554116,0.24765795,0.20784554,0.17679349,0.3454562,0.28404275,0.37050098,0.6397307,0.53544927,0.44284582,3957.9524924625725,77.20171153631243,9034.122575578382,7.274524093218222,49.8656780065479,76.38299560546875,1,sd15
0.2954678,0.36187467,0.43465036,0.26348275,0.23203981,0.2162643,0.2705767,0.33138922,0.39803407,0.55341,0.47563148,0.46180117,1483.2368423067383,45.432944898197114,6123.1546644404125,7.628841346756864,55.601288761226165,89.33063125610352,1,sd15
0.41639072,0.43003827,0.4531848,0.33522287,0.22784042,0.24270448,0.32039574,0.33089697,0.3487073,0.39139658,0.5500791,0.56644005,2838.901325281651,81.35582632700752,9348.241443756187,7.723355701292725,62.424638111027356,109.29040908813477,1,sd15
0.4155993,0.15791021,0.2252423,0.26181483,0.22805905,0.22075686,0.5203108,0.19769618,0.2819928,0.7166155,0.82019776,0.44440708,3926.274123795549,86.24794885148944,7802.832928304993,7.116762199547133,54.751404372943746,61.869049072265625,1,sd15
0.542106,0.39109835,0.18148048,0.16058658,0.19323148,0.11713418,0.48633122,0.35086006,0.1628088,0.12076976,0.67123467,0.5424443,2493.5255371038656,55.82189041566976,6991.683276803954,7.315555927131886,42.84727953147988,105.14995574951172,1,sd15
0.50285786,0.50014025,0.5053267,0.21091382,0.21333732,0.21194363,0.3333883,0.33158657,0.3350251,0.5178752,0.047845513,0.5125639,111.03702808437811,26.72925447350827,3641.4575086837003,7.587723800365995,54.10035042149897,127.9041976928711,1,sd15
0.42658842,0.38282892,0.39946473,0.27114156,0.2704966,0.24651629,0.35287845,0.31668013,0.33044147,0.5708392,0.1922914,0.4400944,669.5233700875542,41.19721062645086,5751.481121283518,7.529991828353631,68.01609968199291,101.43771743774414,1,sd15
0.399878,0.38835594,0.39046237,0.2813709,0.19916704,0.294273,0.3392546,0.32947934,0.3312664,0.40564314,0.66908014,0.5839463,2659.007358885312,64.29055577940964,7980.050295220994,7.511911146150905,50.50970133328344,99.97002410888672,1,sd15
0.50366133,0.38175392,0.33729112,0.29209056,0.23664841,0.22347264,0.41192332,0.3122204,0.27585614,0.097882956,0.35156515,0.50392234,915.9800921434071,37.20096688127957,6148.1004112773335,7.617820834639015,63.43952985785844,105.33822250366211,1,sd15
0.49944133,0.4123494,0.3061517,0.1829566,0.19729409,0.24555492,0.41006964,0.33856222,0.2513679,0.26155773,0.5231578,0.5418141,1674.7314118572976,50.82904482104237,5907.365642751038,7.411409732479503,45.504978766638246,108.7036361694336,1,sd15
0.5384173,0.52788144,0.53977567,0.21664193,0.21670377,0.21727133,0.33523807,0.3286781,0.33608386,0.7801928,0.049674723,0.5405115,338.6870727976202,33.62179851955292,4618.128553742293,7.440379720877156,55.280647398043975,135.75835418701172,1,sd15
0.536451,0.5134079,0.52467257,0.16526459,0.14547364,0.16551527,0.3407052,0.32607028,0.3332246,0.3978175,0.18104804,0.5859126,1122.0189055763185,29.160015277708194,4843.715794185595,6.819400894014174,36.9983069880813,132.9868392944336,1,sd15
0.7201728,0.64798033,0.5792393,0.24044664,0.26845244,0.28576595,0.36981386,0.3327425,0.2974435,0.10477641,0.23930997,0.72140884,282.92271718881966,29.994417247516473,4358.544907172101,6.955147578451888,66.37655158401384,168.74885940551758,2,sdxl
0.41095203,0.32527292,0.1990735,0.18597135,0.1655061,0.1329246,0.43938065,0.34777448,0.2128449,0.11197646,0.5102213,0.4121273,399.8484452031553,48.926888444395786,5222.992238030641,7.028337080333411,41.411626566702225,85.80919647216797,2,sdxl
0.24574243,0.28043947,0.2922091,0.19676283,0.1933374,0.18190679,0.3002751,0.34267172,0.35705313,0.57675457,0.3197322,0.3265637,1174.4085197445092,79.47001798766614,8134.255998864187,6.906509561355502,46.02603394140121,69.20839309692383,2,sdxl
0.41571614,0.34095296,0.26854703,0.24224184,0.20613816,0.17652981,0.40549117,0.3325669,0.26194185,0.14513256,0.37339717,0.41722453,328.6030348389031,30.59817123134299,4474.570069905569,7.507904704784226,53.67243683627553,90.53716659545898,2,sdxl
0.36138144,0.33580887,0.3016202,0.22669592,0.21709754,0.19336571,0.36181182,0.3362088,0.3019794,0.31519088,0.20716435,0.36991253,389.6648465504404,53.84630983906942,6063.409306300919,7.393090432776306,54.881984882889476,86.58721542358398,2,sdxl
0.22226627,0.2724238,0.29376063,0.1799462,0.18269755,0.18262023,0.28190258,0.34551787,0.3725796,0.5423912,0.3462116,0.32078713,795.4012612393126,72.78819648794592,6993.546718323786,6.942504456062001,43.00890074758418,66.26119613647461,2,sdxl
0.39320007,0.31653565,0.25731683,0.25810656,0.20300177,0.15435271,0.40659642,0.32732004,0.26608363,0.12396451,0.2968496,0.39517316,342.4880831348564,34.87894097651148,4766.250682458943,7.346045670130626,53.87669820130517,84.83434295654297,2,sdxl
0.46097577,0.3919619,0.33139956,0.24381594,0.20259856,0.17309059,0.38922682,0.33095467,0.2798186,0.20867452,0.30020985,0.46832156,152.1068919528625,24.165658203199285,3215.5939658761613,7.5030240298431625,52.74790652607502,103.45111846923828,2,sdxl
0.4101095,0.35804382,0.3117336,0.22346953,0.21702331,0.1955482,0.3797707,0.3315567,0.2886724,0.29598257,0.2723045,0.41435385,331.99766396380437,57.51283650360333,5977.289925978995,7.536770328526827,54.528874770003284,93.92439270019531,2,sdxl
0.5264441,0.43357128,0.3703726,0.21106191,0.19598447,0.18947776,0.39570713,0.32589832,0.27839437,0.11176113,0.32108918,0.53037804,156.75546542157826,29.878645004684543,3682.2671594237977,7.457942370013516,50.10004479012089,115.80495071411133,2,sdxl
0.37249574,0.31189647,0.22414738,0.17777672,0.16208519,0.13757679,0.4099939,0.34329426,0.2467117,0.11392011,0.38743174,0.37333563,379.4333129835868,44.49479665988798,5091.169982098273,6.972424944081856,40.83457152025738,81.60620498657227,2,sdxl
0.4504322,0.36069426,0.24732426,0.19105947,0.17551166,0.15478152,0.42555818,0.3407758,0.23366638,0.10242154,0.44753915,0.45062,511.8529545414349,58.878925256488586,5886.922900464115,7.186747618319347,44.03938898871868,95.52420806884766,2,sdxl
0.70510703,0.63215196,0.57007295,0.26416188,0.27938825,0.28665414,0.36968243,0.33143264,0.29888505,0.12440716,0.23028362,0.7077774,318.604452782718,28.113527235255418,4532.495507044673,7.154756068556607,69.649871577335,164.95337295532227,2,sdxl
0.31134376,0.3497126,0.34922516,0.2267457,0.21794662,0.19883326,0.30817524,0.34615362,0.34567112,0.39882872,0.29126373,0.37798882,430.57188099523773,55.255225038102495,6207.363848907186,7.4739176247896175,55.01298274068187,86.23590469360352,2,sdxl
0.24600226,0.28610834,0.2938436,0.19795357,0.18395725,0.18299407,0.29784003,0.3463973,0.35576254,0.49700418,0.36980546,0.33868754,846.0814041585982,72.17503754407277,6928.506453670343,7.060867542071732,43.99355041521863,70.12631225585938,2,sdxl
